Symbol,Name,LastSale,MarketCap,ADR TSO,IPOyear,Sector,industry,Summary Quote
XXII,22nd Century Group Inc,3,177488874,n/a,n/a,Consumer Non-Durables,Farming/Seeds/Milling,http://www.nasdaq.com/symbol/xxii
FAX,Aberdeen Asia-Pacific Income Fund Inc,6.28,1675867788,n/a,1986,n/a,n/a,http://www.nasdaq.com/symbol/fax
IAF,Aberdeen Australia Equity Fund Inc,9.11,207463369.2,n/a,n/a,n/a,n/a,http://www.nasdaq.com/symbol/iaf
CH,Aberdeen Chile Fund Inc.,10.0947,94753871.27,n/a,n/a,n/a,n/a,http://www.nasdaq.com/symbol/ch
ETF,Aberdeen Emerging Markets Smaller Company Opportunities Fund I,14.51,141686261.3,n/a,1992,n/a,n/a,http://www.nasdaq.com/symbol/etf
FCO,Aberdeen Global Income Fund Inc.,11.88,111721302,n/a,1992,n/a,n/a,http://www.nasdaq.com/symbol/fco
IF,Aberdeen Indonesia Fund Inc.,9.506,90166757.98,n/a,1990,n/a,n/a,http://www.nasdaq.com/symbol/if
ISL,Aberdeen Israel Fund Inc.,17.9699,74933422.78,n/a,1992,n/a,n/a,http://www.nasdaq.com/symbol/isl
ACU,Acme United Corporation.,16.8,53967513.6,n/a,1988,Capital Goods,Industrial Machinery/Components,http://www.nasdaq.com/symbol/acu
ATNM,Actinium Pharmaceuticals Inc.,7.45,215322477.7,n/a,n/a,Finance,Business Services,http://www.nasdaq.com/symbol/atnm
AE,Adams Resources & Energy Inc.,77.42,326526282.3,n/a,n/a,Energy,Oil Refining/Marketing,http://www.nasdaq.com/symbol/ae
ADK,Adcare Health Systems Inc,4.33,75830930.61,n/a,n/a,Health Care,Hospital/Nursing Management,http://www.nasdaq.com/symbol/adk
ADK^A,Adcare Health Systems Inc,26.3995,0,n/a,n/a,n/a,n/a,http://www.nasdaq.com/symbol/adk^a
API,Advanced Photonix Inc.,0.56,20933591.28,n/a,n/a,Technology,Semiconductors,http://www.nasdaq.com/symbol/api
ACY,AeroCentury Corp.,15.9,24537786.3,n/a,n/a,Technology,Diversified Commercial Services,http://www.nasdaq.com/symbol/acy
AIRI,Air Industries Group,10.47,74266275.15,n/a,n/a,Capital Goods,Military/Government/Technical,http://www.nasdaq.com/symbol/airi
AA^,Alcoa Inc.,88.02,0,n/a,n/a,Capital Goods,Metal Fabrications,http://www.nasdaq.com/symbol/aa^
AXX,Alderon Iron Ore Corp.,1.18,153570117.1,n/a,n/a,Basic Industries,Precious Metals,http://www.nasdaq.com/symbol/axx
AXU,Alexco Resource Corp,1.2,75088677.6,n/a,n/a,Basic Industries,Precious Metals,http://www.nasdaq.com/symbol/axu
ANV,Allied Nevada Gold Corp.,3.8,396086357.6,n/a,n/a,Basic Industries,Precious Metals,http://www.nasdaq.com/symbol/anv
AAU,Almaden Minerals Ltd.,1.42,91594715.82,n/a,n/a,Basic Industries,Precious Metals,http://www.nasdaq.com/symbol/aau
APT,Alpha Pro Tech Ltd.,2.06,38396148.42,n/a,n/a,Health Care,Industrial Specialties,http://www.nasdaq.com/symbol/apt
ALTV,Alteva (D/B/A),7,42618429,n/a,n/a,Public Utilities,Telecommunications Equipment,http://www.nasdaq.com/symbol/altv
AAMC,Altisource Asset Management Corp,663,1485847311,n/a,n/a,Finance,Real Estate,http://www.nasdaq.com/symbol/aamc
DIT,AMCON Distributing Company,80.021,48927400.07,n/a,n/a,Consumer Non-Durables,Food Distributors,http://www.nasdaq.com/symbol/dit
APP,American Apparel Inc,0.87,152449076,n/a,n/a,Finance,Business Services,http://www.nasdaq.com/symbol/app
ADGE,American DG Energy Inc.,1.6399,81696407.01,n/a,n/a,Energy,Electric Utilities: Central,http://www.nasdaq.com/symbol/adge
AMZG,American Eagle Energy Corporation.,6.1,185535184.4,n/a,n/a,Basic Industries,Precious Metals,http://www.nasdaq.com/symbol/amzg
ALN,American Lorain Corporation,1.15,39809221.1,n/a,n/a,Consumer Non-Durables,Packaged Foods,http://www.nasdaq.com/symbol/aln
AMS,American Shared Hospital Services,2.6334,13855291.76,n/a,n/a,Health Care,Medical Specialities,http://www.nasdaq.com/symbol/ams
AQQ,American Spectrum Realty Inc.,1.68,6262872,n/a,n/a,Consumer Services,Real Estate Investment Trusts,http://www.nasdaq.com/symbol/aqq
AMPE,Ampio Pharmaceuticals Inc.,8.59,445959917.5,n/a,n/a,Health Care,Major Pharmaceuticals,http://www.nasdaq.com/symbol/ampe
AXN,Aoxing Pharmaceutical Company Inc.,0.3457,17241725.97,n/a,n/a,Health Care,Major Pharmaceuticals,http://www.nasdaq.com/symbol/axn
AMCO,Armco Metals Holdings Inc.,0.2598,13701763.93,n/a,n/a,Consumer Durables,Steel/Iron Ore,http://www.nasdaq.com/symbol/amco
HRT,Arrhythmia Research Technology Inc.,6.7,18239001.3,n/a,n/a,Health Care,Biotechnology: Electromedical & Electrotherapeutic Apparatus,http://www.nasdaq.com/symbol/hrt
AKG,Asanko Gold Inc.,2.56,440874897.9,n/a,n/a,Basic Industries,Mining & Quarrying of Nonmetallic Minerals (No Fuels),http://www.nasdaq.com/symbol/akg
ATL,Atlatsa Resources Corporation,0.4301,238399472.2,n/a,n/a,Basic Industries,Precious Metals,http://www.nasdaq.com/symbol/atl
AZC,Augusta Resource Corporation,3.37,490211267.1,n/a,n/a,Basic Industries,Precious Metals,http://www.nasdaq.com/symbol/azc
AWX,Avalon Holdings Corporation,4.32,16430389.92,n/a,n/a,Public Utilities,Environmental Services,http://www.nasdaq.com/symbol/awx
AVL,Avalon Rare Metals Inc.,0.47,57455065.4,n/a,n/a,Basic Industries,Precious Metals,http://www.nasdaq.com/symbol/avl
ASM,Avino Silver,2.39,77057806.4,n/a,n/a,Basic Industries,Precious Metals,http://www.nasdaq.com/symbol/asm
BTG,B2Gold Corp,2.85,1934169774,n/a,n/a,Basic Industries,Precious Metals,http://www.nasdaq.com/symbol/btg
BONE,Bacterin International Holdings Inc.,0.72,39582414.72,n/a,n/a,Health Care,Biotechnology: Biological Products (No Diagnostic Substances),http://www.nasdaq.com/symbol/bone
BTN,Ballantyne Strong Inc,4.25,60092713.5,n/a,n/a,Miscellaneous,Industrial Machinery/Components,http://www.nasdaq.com/symbol/btn
BKJ,Bancorp of New Jersey Inc,12.79,68343160.36,n/a,n/a,Finance,Major Banks,http://www.nasdaq.com/symbol/bkj
BCV,Bancroft Fund Limited,20.3399,108608536.9,n/a,n/a,n/a,n/a,http://www.nasdaq.com/symbol/bcv
BAA,BANRO CORPORATION,0.48,121008322.6,n/a,n/a,Basic Industries,Precious Metals,http://www.nasdaq.com/symbol/baa
BHB,Bar Harbor Bankshares Inc.,28.43,168204247.1,n/a,n/a,Finance,Major Banks,http://www.nasdaq.com/symbol/bhb
BRN,Barnwell Industries Inc.,3.05,25245338,n/a,n/a,Energy,Oil & Gas Production,http://www.nasdaq.com/symbol/brn
BXE,Bellatrix Exploration Ltd,8.95,1709638621,n/a,n/a,Energy,Oil & Gas Production,http://www.nasdaq.com/symbol/bxe
BIR^A,Berkshire Income Realty Inc.,28.27,0,n/a,n/a,n/a,n/a,http://www.nasdaq.com/symbol/bir^a
BTX,BioTime Inc.,3.1,223662919.9,n/a,n/a,Health Care,Biotechnology: Biological Products (No Diagnostic Substances),http://www.nasdaq.com/symbol/btx
BGI,Birks Group Inc.,1.1771,21000132.59,n/a,n/a,n/a,n/a,http://www.nasdaq.com/symbol/bgi
BQY,BlackRock Dividend Income Trust,13.47,81264887.16,n/a,2004,n/a,n/a,http://www.nasdaq.com/symbol/bqy
BZM,BlackRock Maryland Municipal Bond Trust,13.98,28999245.24,n/a,2002,n/a,n/a,http://www.nasdaq.com/symbol/bzm
MHE,BlackRock Massachusetts Tax-Exempt Trust,13.5,31892197.5,n/a,1993,n/a,n/a,http://www.nasdaq.com/symbol/mhe
BLE,BlackRock Municipal Income Trust II,14.1501,331709318.6,n/a,2002,n/a,n/a,http://www.nasdaq.com/symbol/ble
BLJ,Blackrock New Jersey Municipal Bond Trust,14.79,34385522.43,n/a,2002,n/a,n/a,http://www.nasdaq.com/symbol/blj
BFY,BlackRock New York Municipal Income Trust II,13.8,68984971.8,n/a,2002,n/a,n/a,http://www.nasdaq.com/symbol/bfy
BPS,BlackRock Pennsylvania Strategic Municipal Trust (The),12.5001,25401640.71,n/a,1999,n/a,n/a,http://www.nasdaq.com/symbol/bps
BHV,BlackRock Virginia Municipal Bond Trust,15.51,24602690.97,n/a,2002,n/a,n/a,http://www.nasdaq.com/symbol/bhv
BDR,Blonder Tongue Laboratories Inc.,0.9299,5780604.323,n/a,n/a,Technology,Radio And Television Broadcasting And Communications Equipment,http://www.nasdaq.com/symbol/bdr
BRG,Bluerock Residential Growth REIT Inc.,13.65,75848040.45,n/a,2014,Consumer Services,Real Estate Investment Trusts,http://www.nasdaq.com/symbol/brg
BVX,Bovie Medical Corporation,3.8173,68375664.65,n/a,n/a,Health Care,Medical/Dental Instruments,http://www.nasdaq.com/symbol/bvx
BWL/A,Bowl America Inc.,14.5,0,n/a,n/a,Consumer Services,Services-Misc. Amusement & Recreation,http://www.nasdaq.com/symbol/bwl/a
BZC,Breeze-Eastern Corporation,12.33,119648803.4,n/a,n/a,Capital Goods,Military/Government/Technical,http://www.nasdaq.com/symbol/bzc
BTI,British American Tobacco p.l.c.,122.68,1.1462E+11,n/a,n/a,Consumer Non-Durables,Farming/Seeds/Milling,http://www.nasdaq.com/symbol/bti
CAK,CAMAC Energy Inc.,0.69,869292560.8,n/a,n/a,Energy,Oil & Gas Production,http://www.nasdaq.com/symbol/cak
CANF,Can-Fite Biopharma Ltd,3.75,29442611.25,n/a,n/a,Health Care,Major Pharmaceuticals,http://www.nasdaq.com/symbol/canf
ROX,Castle Brands Inc.,0.89,137862572.6,n/a,2006,Consumer Non-Durables,Beverages (Production/Distribution),http://www.nasdaq.com/symbol/rox
CAW,CCA Industries Inc.,3.56,24943795.04,n/a,n/a,Consumer Non-Durables,Package Goods/Cosmetics,http://www.nasdaq.com/symbol/caw
CVM,Cel-Sci Corporation,1.2,79164942,n/a,n/a,Health Care,Biotechnology: Biological Products (No Diagnostic Substances),http://www.nasdaq.com/symbol/cvm
CVM/WS,Cel-Sci Corporation,0.26,0,n/a,n/a,n/a,n/a,http://www.nasdaq.com/symbol/cvm/ws
CEF,Central Fund of Canada Limited,14.38,3658742413,n/a,n/a,n/a,n/a,http://www.nasdaq.com/symbol/cef
GTU,Central Gold Trust,47.284,912533916,n/a,n/a,n/a,n/a,http://www.nasdaq.com/symbol/gtu
CET,Central Securities Corporation,23.6925,571328597.7,n/a,n/a,n/a,n/a,http://www.nasdaq.com/symbol/cet
CCF,Chase Corporation,35.9,326760220.4,n/a,n/a,Consumer Durables,Building Products,http://www.nasdaq.com/symbol/ccf
CQH,Cheniere Energy Partners LP Holdings LLC,24.5,5676650000,n/a,2013,Public Utilities,Oil/Gas Transmission,http://www.nasdaq.com/symbol/cqh
CQP,Cheniere Energy Partners LP,33,11147268429,n/a,2007,Public Utilities,Oil/Gas Transmission,http://www.nasdaq.com/symbol/cqp
LNG,Cheniere Energy Inc.,72.52,17252488420,n/a,n/a,Public Utilities,Oil/Gas Transmission,http://www.nasdaq.com/symbol/lng
CVR,Chicago Rivet & Machine Co.,36.66,35418399.12,n/a,n/a,Technology,Industrial Machinery/Components,http://www.nasdaq.com/symbol/cvr
CNR,China Metro-Rural Holdings Limited,0.91,66924841.62,n/a,n/a,Finance,Real Estate,http://www.nasdaq.com/symbol/cnr
CPHI,China Pharma Holdings Inc.,0.3701,16128794.05,n/a,n/a,Health Care,Major Pharmaceuticals,http://www.nasdaq.com/symbol/cphi
CKX,CKX Lands Inc.,16.42,31895767.9,n/a,n/a,Energy,Oil & Gas Production,http://www.nasdaq.com/symbol/ckx
GLV,Clough Global Allocation Fund,15.73,164136352.4,n/a,2004,n/a,n/a,http://www.nasdaq.com/symbol/glv
GLQ,Clough Global Equity Fund,15.69,279920661.5,n/a,2005,n/a,n/a,http://www.nasdaq.com/symbol/glq
GLO,Clough Global Opportunities Fund,13.03,674131272.8,n/a,2006,n/a,n/a,http://www.nasdaq.com/symbol/glo
CRV,Coast Distribution System Inc. (The),3.0701,16319435.84,n/a,n/a,Capital Goods,Automotive Aftermarket,http://www.nasdaq.com/symbol/crv
MOC,Command Security Corporation,1.7709,16832944.62,n/a,n/a,Consumer Services,Diversified Commercial Services,http://www.nasdaq.com/symbol/moc
CIX,CompX International Inc.,10.68,132401102.8,n/a,1998,Capital Goods,Industrial Machinery/Components,http://www.nasdaq.com/symbol/cix
LODE,Comstock Mining Inc.,1.67,136395097.4,n/a,n/a,Basic Industries,Precious Metals,http://www.nasdaq.com/symbol/lode
CTO,Consolidated-Tomoka Land Co.,46.19,271655353.2,n/a,n/a,Finance,Real Estate,http://www.nasdaq.com/symbol/cto
CEP,Constellation Energy Partners LLC,2.7,77847563.7,n/a,n/a,Energy,Oil & Gas Production,http://www.nasdaq.com/symbol/cep
MCF,Contango Oil & Gas Company,42.61,825160247.9,n/a,n/a,Energy,Oil & Gas Production,http://www.nasdaq.com/symbol/mcf
CUO,Continental Materials Corporation,16.97,28003333.99,n/a,n/a,Capital Goods,Building Materials,http://www.nasdaq.com/symbol/cuo
CMT,Core Molding Technologies Inc,13.11,99589603.71,n/a,n/a,Consumer Non-Durables,Plastic Products,http://www.nasdaq.com/symbol/cmt
CRMD,CorMedix Inc,1.86,40907694.24,n/a,n/a,Health Care,Major Pharmaceuticals,http://www.nasdaq.com/symbol/crmd
CRMD/WS,CorMedix Inc,0.38,0,n/a,n/a,n/a,n/a,http://www.nasdaq.com/symbol/crmd/ws
CFP,Cornerstone Progressive Return Fund,4.66,182938193.2,n/a,n/a,n/a,n/a,http://www.nasdaq.com/symbol/cfp
CRF,Cornerstone Strategic Return Fund Inc. (The),5.79,100777995.5,n/a,n/a,n/a,n/a,http://www.nasdaq.com/symbol/crf
CLM,Cornerstone Strategic Value Fund Inc.,6.2,197665864.2,n/a,1987,n/a,n/a,http://www.nasdaq.com/symbol/clm
COVR,Cover-All Technologies Inc.,1.19,31699787.63,n/a,n/a,Technology,Computer Software: Prepackaged Software,http://www.nasdaq.com/symbol/covr
CVU,CPI Aerostructures Inc.,12.6,106605891,n/a,n/a,Capital Goods,Military/Government/Technical,http://www.nasdaq.com/symbol/cvu
CIK,Credit Suisse Asset Management Income Fund Inc.,3.62,189110077.9,n/a,n/a,n/a,n/a,http://www.nasdaq.com/symbol/cik
DHY,Credit Suisse High Yield Bond Fund,3.23,315785882.2,n/a,1998,n/a,n/a,http://www.nasdaq.com/symbol/dhy
EXE,Crexendo Inc.,3.15,35159427.45,n/a,n/a,Technology,EDP Services,http://www.nasdaq.com/symbol/exe
CRVP,Crystal Rock Holdings Inc.,0.84,17942745.24,n/a,n/a,Consumer Non-Durables,Food Distributors,http://www.nasdaq.com/symbol/crvp
CTP,CTPartners Executive Search Inc.,10.25,73582033.75,n/a,2010,Technology,Diversified Commercial Services,http://www.nasdaq.com/symbol/ctp
DAKP,Dakota Plains Holdings Inc.,2.7,147879947.7,n/a,n/a,n/a,n/a,http://www.nasdaq.com/symbol/dakp
DXR,Daxor Corporation,7.06,28743575.68,n/a,n/a,Health Care,Medical/Dental Instruments,http://www.nasdaq.com/symbol/dxr
DEJ,Dejour Energy Inc.,0.235,38608179.14,n/a,n/a,Energy,Oil & Gas Production,http://www.nasdaq.com/symbol/dej
VCF,Delaware Investments Colorado Municipal Income Fund Inc,13.56,65591076,n/a,1993,n/a,n/a,http://www.nasdaq.com/symbol/vcf
VFL,Delaware Investments Florida Insured Municipal Income Fund,12.6799,57420204.4,n/a,1993,n/a,n/a,http://www.nasdaq.com/symbol/vfl
VMM,Delaware Investments Minnesota Municipal Income Fund II Inc.,13.91,160034202.3,n/a,1993,n/a,n/a,http://www.nasdaq.com/symbol/vmm
DLA,Delta Apparel Inc.,14.59,115789595.7,n/a,n/a,Consumer Non-Durables,Apparel,http://www.nasdaq.com/symbol/dla
DNN,Denison Mine Corp,1.35,668941742.7,n/a,n/a,Basic Industries,Precious Metals,http://www.nasdaq.com/symbol/dnn
DGSE,DGSE Companies Inc.,1.5101,18428632.2,n/a,n/a,Consumer Services,Consumer Specialties,http://www.nasdaq.com/symbol/dgse
DPW,Digital Power Corporation,1.19,8097202.68,n/a,n/a,Capital Goods,Industrial Machinery/Components,http://www.nasdaq.com/symbol/dpw
DSS,Document Security Systems Inc.,1.38,68315456.52,n/a,n/a,Technology,EDP Services,http://www.nasdaq.com/symbol/dss
DMF,Dreyfus Municipal Income Inc.,9.07,187882782.5,n/a,1988,n/a,n/a,http://www.nasdaq.com/symbol/dmf
GRF,Eagle Capital Growth Fund Inc.,8.3,25938529.2,n/a,n/a,n/a,n/a,http://www.nasdaq.com/symbol/grf
ESTE,Earthstone Energy Inc.,36.76,63562561.48,n/a,n/a,Energy,Oil & Gas Production,http://www.nasdaq.com/symbol/este
EVM,Eaton Vance California Municipal Bond Fund,11.38,243517046.7,n/a,2002,n/a,n/a,http://www.nasdaq.com/symbol/evm
EIA,Eaton Vance California Municipal Bond Fund II,12.1401,47167080.72,n/a,2002,n/a,n/a,http://www.nasdaq.com/symbol/eia
CEV,Eaton Vance California Municipal Income Trust,12.28,89166001,n/a,1999,n/a,n/a,http://www.nasdaq.com/symbol/cev
EVV,Eaton Vance Limited Duration Income Fund,15.41,1811399547,n/a,2003,n/a,n/a,http://www.nasdaq.com/symbol/evv
MAB,Eaton Vance Massachusetts Municipal Bond Fund,14.03,24812251.42,n/a,2002,n/a,n/a,http://www.nasdaq.com/symbol/mab
MMV,Eaton Vance Massachusetts Municipal Income Trust,13.41,321483280.6,n/a,1999,n/a,n/a,http://www.nasdaq.com/symbol/mmv
MIW,Eaton Vance Michigan Municipal Bond Fund,13.32,20167345.8,n/a,2002,n/a,n/a,http://www.nasdaq.com/symbol/miw
EMI,Eaton Vance Michigan Municipal Income Trust,12.38,26199719.72,n/a,1999,n/a,n/a,http://www.nasdaq.com/symbol/emi
EIM,Eaton Vance Municipal Bond Fund,12.07,822790777.5,n/a,2002,n/a,n/a,http://www.nasdaq.com/symbol/eim
EIV,Eaton Vance Municipal Bond Fund II,12.14,121562445.3,n/a,2002,n/a,n/a,http://www.nasdaq.com/symbol/eiv
EMJ,Eaton Vance New Jersey Municipal Bond Fund,12.98,33863651.8,n/a,2002,n/a,n/a,http://www.nasdaq.com/symbol/emj
EVJ,Eaton Vance New Jersey Municipal Income Trust,12.47,58349100.26,n/a,1999,n/a,n/a,http://www.nasdaq.com/symbol/evj
ENX,Eaton Vance New York Municipal Bond Fund,12.29,192726679.7,n/a,2002,n/a,n/a,http://www.nasdaq.com/symbol/enx
NYH,Eaton Vance New York Municipal Bond Fund II,11.96,30700614.36,n/a,2002,n/a,n/a,http://www.nasdaq.com/symbol/nyh
EVY,Eaton Vance New York Municipal Income Trust,13.93,76261679.48,n/a,1999,n/a,n/a,http://www.nasdaq.com/symbol/evy
EIO,Eaton Vance Ohio Municipal Bond Fund,12.71,32245257.29,n/a,2002,n/a,n/a,http://www.nasdaq.com/symbol/eio
EVO,Eaton Vance Ohio Municipal Income Trust,13.46,38457333.22,n/a,1999,n/a,n/a,http://www.nasdaq.com/symbol/evo
EIP,Eaton Vance Pennsylvania Municipal Bond Fund,13.14,38891233.26,n/a,2002,n/a,n/a,http://www.nasdaq.com/symbol/eip
EVP,Eaton Vance Pennsylvania Municipal Income Trust,12.11,32944213.54,n/a,1999,n/a,n/a,http://www.nasdaq.com/symbol/evp
ELMD,Electromed Inc.,1.46,11846807.92,n/a,2011,Health Care,Biotechnology: Electromedical & Electrotherapeutic Apparatus,http://www.nasdaq.com/symbol/elmd
ETAK,Elephant Talk Communications Corp.,0.91,133493396.4,n/a,n/a,Public Utilities,Telecommunications Equipment,http://www.nasdaq.com/symbol/etak
ELLO,Ellomay Capital Ltd.,9.91,105961396.6,n/a,n/a,Public Utilities,Electric Utilities: Central,http://www.nasdaq.com/symbol/ello
ECF,Ellsworth Convertible Growth and Income Fund Inc.,8.91,119545452.2,n/a,1986,n/a,n/a,http://www.nasdaq.com/symbol/ecf
EMAN,eMagin Corporation,2.27,54457077.54,n/a,n/a,Technology,Semiconductors,http://www.nasdaq.com/symbol/eman
EOX,Emerald Oil Inc.,7.54,499828115.5,n/a,n/a,Energy,Oil & Gas Production,http://www.nasdaq.com/symbol/eox
MSN,Emerson Radio Corporation,1.79,48562399.28,n/a,n/a,Consumer Non-Durables,Consumer Electronics/Appliances,http://www.nasdaq.com/symbol/msn
UUUU,Energy Fuels Inc,7.77,152940569.7,n/a,n/a,Basic Industries,Mining & Quarrying of Nonmetallic Minerals (No Fuels),http://www.nasdaq.com/symbol/uuuu
ENRJ,EnerJex Resources Inc.,7.4,54027192.8,n/a,n/a,n/a,n/a,http://www.nasdaq.com/symbol/enrj
ENRJ^,EnerJex Resources Inc.,25.5401,0,n/a,n/a,n/a,n/a,http://www.nasdaq.com/symbol/enrj^
ENSV,ENSERVCO Corporation,2.65,96863062.35,n/a,n/a,Energy,Oilfield Services/Equipment,http://www.nasdaq.com/symbol/ensv
EGI,Entree Gold Inc,0.3052,44859634.3,n/a,n/a,Basic Industries,Precious Metals,http://www.nasdaq.com/symbol/egi
EVI,EnviroStarm Inc.,2.5,17584330,n/a,n/a,Consumer Services,Other Consumer Services,http://www.nasdaq.com/symbol/evi
ERB,ERBA Diagnostics Inc.,1.9,83378119.9,n/a,n/a,Health Care,Major Pharmaceuticals,http://www.nasdaq.com/symbol/erb
ESP,Espey Mfg. & Electronics Corp.,25.6,60369280,n/a,n/a,Capital Goods,Industrial Machinery/Components,http://www.nasdaq.com/symbol/esp
EMXX,Eurasian Minerals Inc.,0.7817,57183863.48,n/a,n/a,Basic Industries,Precious Metals,http://www.nasdaq.com/symbol/emxx
EVBN,Evans Bancorp Inc.,23.01,95965989.21,n/a,n/a,Finance,Major Banks,http://www.nasdaq.com/symbol/evbn
EVK,Ever-Glory International Group Inc.,5.86,86618072.26,n/a,n/a,Consumer Non-Durables,Apparel,http://www.nasdaq.com/symbol/evk
EPM,Evolution Petroleum Corporation Inc.,10.99,358507383.6,n/a,n/a,Energy,Oil & Gas Production,http://www.nasdaq.com/symbol/epm
EPM^A,Evolution Petroleum Corporation Inc.,26.2099,0,n/a,n/a,n/a,n/a,http://www.nasdaq.com/symbol/epm^a
XRA,Exeter Resource Corporation,0.75,66305814.75,n/a,n/a,Basic Industries,Mining & Quarrying of Nonmetallic Minerals (No Fuels),http://www.nasdaq.com/symbol/xra
FU,FAB Universal Corp.,3.07,63873990.2,n/a,n/a,Technology,Computer Software: Prepackaged Software,http://www.nasdaq.com/symbol/fu
FPI,Farmland Partners Inc.,13.14,52747678.62,n/a,2014,Consumer Services,Real Estate Investment Trusts,http://www.nasdaq.com/symbol/fpi
FCSC,Fibrocell Science Inc,4.11,167921509.7,n/a,n/a,Health Care,Major Pharmaceuticals,http://www.nasdaq.com/symbol/fcsc
FPP,FieldPoint Petroleum Corporation,5.49,44314736.49,n/a,n/a,Energy,Oil & Gas Production,http://www.nasdaq.com/symbol/fpp
FPP/WS,FieldPoint Petroleum Corporation,1.47,0,n/a,n/a,n/a,n/a,http://www.nasdaq.com/symbol/fpp/ws
MXN,First American Minnesota Municipal Income Fund II Inc.,14.98,22058139.88,n/a,2002,n/a,n/a,http://www.nasdaq.com/symbol/mxn
FEN,First Trust Energy Income and Growth Fund,35.77,692336004.8,n/a,2004,n/a,n/a,http://www.nasdaq.com/symbol/fen
FWV,First West Virginia Bancorp Inc.,19.2,33191616,n/a,n/a,Finance,Major Banks,http://www.nasdaq.com/symbol/fwv
BDL,Flanigan&#39;s Enterprises Inc.,14.7,27322110.9,n/a,n/a,Consumer Services,Restaurants,http://www.nasdaq.com/symbol/bdl
FSI,Flexible Solutions International Inc.,0.8399,11061475.44,n/a,n/a,Basic Industries,Major Chemicals,http://www.nasdaq.com/symbol/fsi
FTF,Franklin Limited Duration Income Trust,12.99,348595093.5,n/a,2003,n/a,n/a,http://www.nasdaq.com/symbol/ftf
FSP,Franklin Street Properties Corp.,12.58,1260357555,n/a,n/a,Consumer Services,Real Estate Investment Trusts,http://www.nasdaq.com/symbol/fsp
FRD,Friedman Industries Inc.,8.44,57387307.36,n/a,n/a,Capital Goods,Steel/Iron Ore,http://www.nasdaq.com/symbol/frd
FRS,Frisch&#39;s Restaurants Inc.,24.08,122784209,n/a,n/a,Consumer Services,Restaurants,http://www.nasdaq.com/symbol/frs
GGN,GAMCO Global Gold Natural Reources & Income Trust ,11.08,1179249054,n/a,2005,n/a,n/a,http://www.nasdaq.com/symbol/ggn
GGN^B,GAMCO Global Gold Natural Reources & Income Trust ,21.3901,0,n/a,n/a,n/a,n/a,http://www.nasdaq.com/symbol/ggn^b
EGAS,Gas Natural Inc.,10.39,108965239.3,n/a,n/a,Public Utilities,Oil/Gas Transmission,http://www.nasdaq.com/symbol/egas
GST,Gastar Exploration Inc.,8.64,534110379.8,n/a,n/a,Energy,Oil & Gas Production,http://www.nasdaq.com/symbol/gst
GST^A,Gastar Exploration Inc.,25.27,0,n/a,n/a,n/a,n/a,http://www.nasdaq.com/symbol/gst^a
GST^B,Gastar Exploration Inc.,28.6086,0,n/a,n/a,n/a,n/a,http://www.nasdaq.com/symbol/gst^b
JOB,General Employment Enterprises Inc.,0.1791,4638631.793,n/a,n/a,Technology,Diversified Commercial Services,http://www.nasdaq.com/symbol/job
GMO,General Moly Inc,1.16,105494167.7,n/a,n/a,Basic Industries,Precious Metals,http://www.nasdaq.com/symbol/gmo
GIG,GigOptix Inc.,1.362,43827660.44,n/a,n/a,Technology,Semiconductors,http://www.nasdaq.com/symbol/gig
GSB,GlobalSCAPE Inc.,2.46,48709517.82,n/a,n/a,Technology,Computer Software: Prepackaged Software,http://www.nasdaq.com/symbol/gsb
GSAT,Globalstar Inc.,4.46,3372903999,n/a,2006,Consumer Services,Telecommunications Equipment,http://www.nasdaq.com/symbol/gsat
GLOW,Glowpoint Inc.,1.5899,56430320.7,n/a,n/a,Public Utilities,Telecommunications Equipment,http://www.nasdaq.com/symbol/glow
GORO,Gold Resource Corporation,5.08,275231194.5,n/a,n/a,Basic Industries,Precious Metals,http://www.nasdaq.com/symbol/goro
GSV,Gold Standard Ventures Corporation,0.72,75743402.4,n/a,n/a,Basic Industries,Mining & Quarrying of Nonmetallic Minerals (No Fuels),http://www.nasdaq.com/symbol/gsv
AUMN,Golden Minerals Company,1.1,47883916.3,n/a,n/a,Basic Industries,Precious Metals,http://www.nasdaq.com/symbol/aumn
GSS,Golden Star Resources Ltd,0.585,151734304.2,n/a,n/a,Basic Industries,Precious Metals,http://www.nasdaq.com/symbol/gss
GV,Goldfield Corporation (The),1.69,43012788.26,n/a,n/a,Basic Industries,Water Supply,http://www.nasdaq.com/symbol/gv
GRC,Gorman-Rupp Company (The),36.74,964536799.8,n/a,n/a,Capital Goods,Fluid Controls,http://www.nasdaq.com/symbol/grc
GTE,Gran Tierra Energy Inc.,7.99,2179614792,n/a,n/a,Energy,Oil & Gas Production,http://www.nasdaq.com/symbol/gte
GPL,Great Panther Silver Limited,1.23,170954883.3,n/a,n/a,Basic Industries,Precious Metals,http://www.nasdaq.com/symbol/gpl
GRH,GreenHunter Resources Inc.,1.8,60818499,n/a,n/a,Basic Industries,Major Chemicals,http://www.nasdaq.com/symbol/grh
GRH^C,GreenHunter Resources Inc.,25.17,0,n/a,n/a,n/a,n/a,http://www.nasdaq.com/symbol/grh^c
SIM,Grupo Simec S.A. de C.V.,14.8,2455365451,n/a,1993,Basic Industries,Steel/Iron Ore,http://www.nasdaq.com/symbol/sim
GVP,GSE Systems Inc.,1.676,29980051.68,n/a,n/a,Technology,Computer Software: Prepackaged Software,http://www.nasdaq.com/symbol/gvp
GTT,GTT Communications Inc.,10.28,248371009.1,n/a,n/a,Public Utilities,Telecommunications Equipment,http://www.nasdaq.com/symbol/gtt
HEB,Hemispherx BioPharma Inc.,0.318,58465517.3,n/a,n/a,Health Care,Biotechnology: Biological Products (No Diagnostic Substances),http://www.nasdaq.com/symbol/heb
HLM^,Hillman Group Capital Trust,30.75,0,n/a,n/a,n/a,n/a,http://www.nasdaq.com/symbol/hlm^
HMG,HMG/Courtland Properties Inc.,14.301,15000690.73,n/a,n/a,Consumer Services,Real Estate Investment Trusts,http://www.nasdaq.com/symbol/hmg
HH,Hooper Holmes Inc.,0.76,53512093.24,n/a,n/a,Health Care,Hospital/Nursing Management,http://www.nasdaq.com/symbol/hh
HUSA,Houston American Energy Corporation,0.45,23476475.25,n/a,n/a,Energy,Oil & Gas Production,http://www.nasdaq.com/symbol/husa
IBIO,iBio Inc.,0.43,28226100.85,n/a,n/a,Health Care,Major Pharmaceuticals,http://www.nasdaq.com/symbol/ibio
IBO,IBO (Listing Market - NYSE Amex Network B F),1,0,n/a,n/a,n/a,n/a,http://www.nasdaq.com/symbol/ibo
IEC,IEC Electronics Corp.,4.37,44098321.13,n/a,n/a,Technology,Electrical Products,http://www.nasdaq.com/symbol/iec
IG,IGI Laboratories Inc.,5.56,261998992.8,n/a,n/a,Health Care,Biotechnology: Biological Products (No Diagnostic Substances),http://www.nasdaq.com/symbol/ig
IMUC,ImmunoCellular Therapeutics Ltd.,1.13,65452203.52,n/a,n/a,Health Care,Major Pharmaceuticals,http://www.nasdaq.com/symbol/imuc
IMH,Impac Mortgage Holdings Inc.,4.79,44644280.11,n/a,1997,Consumer Services,Real Estate Investment Trusts,http://www.nasdaq.com/symbol/imh
IMO,Imperial Oil Limited,54.02,45787298574,n/a,n/a,Energy,Integrated oil Companies,http://www.nasdaq.com/symbol/imo
IOT,Income Opportunity Realty Investors Inc.,6.53,27218437.42,n/a,n/a,Consumer Services,Real Estate Investment Trusts,http://www.nasdaq.com/symbol/iot
IRT,Independence Realty Trust Inc.,10.13,179731930.2,n/a,2013,Consumer Services,Real Estate Investment Trusts,http://www.nasdaq.com/symbol/irt
IGC,India Globalization Capital Inc.,1.48,12762882.12,n/a,n/a,Basic Industries,Precious Metals,http://www.nasdaq.com/symbol/igc
IGC/WS,India Globalization Capital Inc.,0.025,0,n/a,n/a,n/a,n/a,http://www.nasdaq.com/symbol/igc/ws
INFU,InfuSystems Holdings Inc.,2.66,59518665.08,n/a,n/a,Health Care,Medical/Dental Instruments,http://www.nasdaq.com/symbol/infu
IHT,InnSuites Hospitality Trust,2.1653,18035509.08,n/a,n/a,Consumer Services,Real Estate Investment Trusts,http://www.nasdaq.com/symbol/iht
INO,Inovio Pharmaceuticals Inc.,10.65,2562707540,n/a,n/a,Health Care,Medical/Dental Instruments,http://www.nasdaq.com/symbol/ino
NSPR,InspireMD Inc.,2.9,101451967.3,n/a,n/a,Health Care,Medical/Dental Instruments,http://www.nasdaq.com/symbol/nspr
IFMI,Institutional Financial Markets Inc.,2.11,32189123.99,n/a,n/a,Finance,Investment Bankers/Brokers/Service,http://www.nasdaq.com/symbol/ifmi
IDN,Intellicheck Mobilisa Inc.,0.74,29201485.58,n/a,1999,Technology,Computer Software: Prepackaged Software,http://www.nasdaq.com/symbol/idn
INS,Intelligent Systems Corporation,1.3726,12295789.23,n/a,1992,Capital Goods,Metal Fabrications,http://www.nasdaq.com/symbol/ins
THM,International Tower Hill Mines Ltd,0.7,68648046.6,n/a,n/a,Basic Industries,Precious Metals,http://www.nasdaq.com/symbol/thm
INTT,inTest Corporation,3.899,41183881.52,n/a,1997,Capital Goods,Electrical Products,http://www.nasdaq.com/symbol/intt
INUV,Inuvo Inc,0.8869,20846819.53,n/a,n/a,Consumer Services,Advertising,http://www.nasdaq.com/symbol/inuv
VKI,Invesco Advantage Municipal Income Trust II,11.1,492628556.1,n/a,n/a,n/a,n/a,http://www.nasdaq.com/symbol/vki
ICH,Investors Capital Holdings Ltd.,7.1801,51971782.45,n/a,2001,Finance,Investment Bankers/Brokers/Service,http://www.nasdaq.com/symbol/ich
ISR,IsoRay Inc.,2.93,159370848.3,n/a,n/a,Health Care,Medical/Dental Instruments,http://www.nasdaq.com/symbol/isr
ISDR,Issuer Direct Corporation,10.74,22005604.86,n/a,n/a,Miscellaneous,Publishing,http://www.nasdaq.com/symbol/isdr
ITI,Iteris Inc.,1.73,56698616.91,n/a,n/a,Consumer Durables,Telecommunications Equipment,http://www.nasdaq.com/symbol/iti
LTS,Ladenburg Thalmann Financial Services Inc,3.5,636247444,n/a,n/a,Finance,Investment Bankers/Brokers/Service,http://www.nasdaq.com/symbol/lts
LTS^A,Ladenburg Thalmann Financial Services Inc,22.4,0,n/a,n/a,n/a,n/a,http://www.nasdaq.com/symbol/lts^a
LSG,Lake Shore Gold Corp,0.9195,388061388.5,n/a,n/a,Basic Industries,Precious Metals,http://www.nasdaq.com/symbol/lsg
LAQ,Latin America Equity Fund Inc. (The),29.91,222785143.5,n/a,1991,n/a,n/a,http://www.nasdaq.com/symbol/laq
LGL,LGL Group Inc. (The),5.18,13440711.76,n/a,n/a,Capital Goods,Industrial Machinery/Components,http://www.nasdaq.com/symbol/lgl
LGL/WS,LGL Group Inc. (The),0.04,0,n/a,n/a,n/a,n/a,http://www.nasdaq.com/symbol/lgl/ws
LBY,Libbey Inc.,27.28,585911437.8,n/a,1993,Capital Goods,Industrial Machinery/Components,http://www.nasdaq.com/symbol/lby
LBMH,Liberator Medical Holdings Inc.,3.71,195938860.4,n/a,n/a,Health Care,Medical/Nursing Services,http://www.nasdaq.com/symbol/lbmh
LIQT,LiqTech International Inc.,2,54425000,n/a,n/a,Technology,Industrial Machinery/Components,http://www.nasdaq.com/symbol/liqt
LEI,Lucas Energy Inc.,0.6,20039769,n/a,n/a,Energy,Oil & Gas Production,http://www.nasdaq.com/symbol/lei
MCZ,Mad Catz Interactive Inc,0.657,42112499.66,n/a,n/a,Consumer Non-Durables,Recreational Products/Toys,http://www.nasdaq.com/symbol/mcz
MVG,Mag Silver Corporation,9.55,576497420.1,n/a,n/a,Basic Industries,Precious Metals,http://www.nasdaq.com/symbol/mvg
MHR^C,Magnum Hunter Resources Corporation,26.44,0,n/a,n/a,n/a,n/a,http://www.nasdaq.com/symbol/mhr^c
MHR^D,Magnum Hunter Resources Corporation,50.05,0,n/a,n/a,n/a,n/a,http://www.nasdaq.com/symbol/mhr^d
MHR^E,Magnum Hunter Resources Corporation,29.94,0,n/a,n/a,n/a,n/a,http://www.nasdaq.com/symbol/mhr^e
MSTX,Mast Therapeutics Inc.,0.66,75330091.32,n/a,n/a,Health Care,Major Pharmaceuticals,http://www.nasdaq.com/symbol/mstx
MHH,Mastech Holdings Inc,15.76,67735692,n/a,n/a,Consumer Services,Professional Services,http://www.nasdaq.com/symbol/mhh
MDGN,Medgenics Inc.,7.602,142576201.8,n/a,2011,Health Care,Biotechnology: Biological Products (No Diagnostic Substances),http://www.nasdaq.com/symbol/mdgn
MDGN/WS,Medgenics Inc.,2.5,0,n/a,n/a,n/a,n/a,http://www.nasdaq.com/symbol/mdgn/ws
IPB,Merrill Lynch & Co. Inc.,26.25,0,n/a,n/a,Finance,Finance: Consumer Services,http://www.nasdaq.com/symbol/ipb
MEA,Metalico Inc,1.32,63641841.12,n/a,n/a,Basic Industries,Metal Fabrications,http://www.nasdaq.com/symbol/mea
MXC,Mexco Energy Corporation,7.52,15327760.32,n/a,n/a,Energy,Oil & Gas Production,http://www.nasdaq.com/symbol/mxc
CCA,MFS California Insured Municipal Trust,10.9,30369994.2,n/a,1999,n/a,n/a,http://www.nasdaq.com/symbol/cca
MGT,MGT Capital Investments Inc,0.9,8225642.7,n/a,n/a,Miscellaneous,Multi-Sector Companies,http://www.nasdaq.com/symbol/mgt
MDW,Midway Gold Corporation,0.889,152154029.3,n/a,n/a,Basic Industries,Precious Metals,http://www.nasdaq.com/symbol/mdw
MGH,Minco Gold Corporation,0.388,19605529.42,n/a,n/a,Basic Industries,Precious Metals,http://www.nasdaq.com/symbol/mgh
MGN,Mines Management Inc.,1.08,31548363.84,n/a,n/a,Basic Industries,Precious Metals,http://www.nasdaq.com/symbol/mgn
MXA,Minnesota Municipal Income Portfolio Inc.,16.701,69254754.84,n/a,1993,n/a,n/a,http://www.nasdaq.com/symbol/mxa
MDM,Mountain Province Diamonds Inc.,4.7895,507876290.6,n/a,n/a,Basic Industries,Precious Metals,http://www.nasdaq.com/symbol/mdm
MVF,MuniVest Fund Inc.,9.61,614869307.2,n/a,n/a,n/a,n/a,http://www.nasdaq.com/symbol/mvf
MZA,MuniYield Arizona Fund Inc.,14.27,65367373.85,n/a,1993,n/a,n/a,http://www.nasdaq.com/symbol/mza
NNVC,NanoViricides Inc.,4,218144000,n/a,n/a,Health Care,Biotechnology: Commercial Physical & Biological Resarch,http://www.nasdaq.com/symbol/nnvc
NHC,National HealthCare Corporation,57.35,815509716.6,n/a,n/a,Health Care,Hospital/Nursing Management,http://www.nasdaq.com/symbol/nhc
NHC^A,National HealthCare Corporation,15.01,0,n/a,n/a,n/a,n/a,http://www.nasdaq.com/symbol/nhc^a
NAVB,Navidea Biopharmaceuticals Inc.,1.49,224579615.3,n/a,n/a,Health Care,Biotechnology: In Vitro & In Vivo Diagnostic Substances,http://www.nasdaq.com/symbol/navb
NBW,Neuberger Berman California Intermediate Municipal Fund Inc.,15.65,86591450,n/a,2002,n/a,n/a,http://www.nasdaq.com/symbol/nbw
NHS,Neuberger Berman High Yield Strategies Fund,13.76,268878435.8,n/a,n/a,n/a,n/a,http://www.nasdaq.com/symbol/nhs
NBH,Neuberger Berman Intermediate Municipal Fund Inc.,15.06,282570780,n/a,2002,n/a,n/a,http://www.nasdaq.com/symbol/nbh
NML,Neuberger Berman MLP Income Fund Inc.,20.1,1136122993,n/a,2013,n/a,n/a,http://www.nasdaq.com/symbol/nml
NBO,Neuberger Berman New York Intermediate Municipal Fund Inc.,13.45,68258750,n/a,2002,n/a,n/a,http://www.nasdaq.com/symbol/nbo
NRO,Neuberger Berman Real Estate Securities Income Fund Inc.,4.97,277265594.6,n/a,2003,n/a,n/a,http://www.nasdaq.com/symbol/nro
CUR,Neuralstem Inc.,3.77,327377205.4,n/a,n/a,Health Care,Biotechnology: Biological Products (No Diagnostic Substances),http://www.nasdaq.com/symbol/cur
UWN,Nevada Gold & Casinos Inc.,1.0301,16632250.06,n/a,n/a,Consumer Services,Services-Misc. Amusement & Recreation,http://www.nasdaq.com/symbol/uwn
NSU,Nevsun Resources Ltd,3.8,757521647.6,n/a,n/a,Basic Industries,Precious Metals,http://www.nasdaq.com/symbol/nsu
GBR,New Concept Energy Inc,2.9099,5665386.157,n/a,n/a,Energy,Oil & Gas Production,http://www.nasdaq.com/symbol/gbr
NEN,New England Realty Associates Limited Partnership,49.91,193277223.7,n/a,n/a,Consumer Services,Building operators,http://www.nasdaq.com/symbol/nen
NGD,NEW GOLD INC.,6.29,3169336985,n/a,n/a,Basic Industries,Precious Metals,http://www.nasdaq.com/symbol/ngd
PAL,North American Palladium Ltd.,0.3018,114116159.1,n/a,2000,Basic Industries,Precious Metals,http://www.nasdaq.com/symbol/pal
NAK,Northern Dynasty Minerals Ltd.,0.855,81233433.72,n/a,n/a,Basic Industries,Precious Metals,http://www.nasdaq.com/symbol/nak
NOG,Northern Oil and Gas Inc.,16.43,1002921309,n/a,n/a,Energy,Oil & Gas Production,http://www.nasdaq.com/symbol/nog
NBY,NovaBay Pharmaceuticals Inc.,0.87,44158549.98,n/a,2007,Health Care,Major Pharmaceuticals,http://www.nasdaq.com/symbol/nby
NCQ,NovaCopper Inc.,1.11,59615832.27,n/a,n/a,Basic Industries,Precious Metals,http://www.nasdaq.com/symbol/ncq
NG,Novagold Resources Inc.,4.38,1389723507,n/a,n/a,Basic Industries,Precious Metals,http://www.nasdaq.com/symbol/ng
NTN,NTN Buzztime Inc.,0.51,46720320.21,n/a,n/a,Consumer Services,Broadcasting,http://www.nasdaq.com/symbol/ntn
NVX,Nuveen California Dividend Advantage Municipal Fund 2,13.68,201906362.2,n/a,2001,n/a,n/a,http://www.nasdaq.com/symbol/nvx
NZH,Nuveen California Dividend Advantage Municipal Fund 3,12.46,300932474.6,n/a,n/a,n/a,n/a,http://www.nasdaq.com/symbol/nzh
NCB,Nuveen California Municipal Value Fund 2,15.9201,52343696.79,n/a,n/a,n/a,n/a,http://www.nasdaq.com/symbol/ncb
CFD,Nuveen Diversified Commodity Fund,16.16,148784150.4,n/a,2010,Finance,Investment Bankers/Brokers/Service,http://www.nasdaq.com/symbol/cfd
NXZ,Nuveen Dividend Advantage Municipal Fund 2,13.44,396189857.3,n/a,2001,n/a,n/a,http://www.nasdaq.com/symbol/nxz
NZF,Nuveen Dividend Advantage Municipal Fund 3,13.4,541360375.2,n/a,2007,n/a,n/a,http://www.nasdaq.com/symbol/nzf
NVG,Nuveen Dividend Advantage Municipal Income Fund,13.9,413358783.8,n/a,2002,n/a,n/a,http://www.nasdaq.com/symbol/nvg
CTF,Nuveen Long/Short Commodity Total Return Fund,16.13,286401699.2,n/a,n/a,Finance,Investment Bankers/Brokers/Service,http://www.nasdaq.com/symbol/ctf
NMT^E/CL,Nuveen Massachusetts Premium Income Municipal Fund,9.99,0,n/a,n/a,n/a,n/a,http://www.nasdaq.com/symbol/nmt^e/cl
NOM,Nuveen Missouri Premium Income Municipal Fund,14.55,33893031.9,n/a,1993,n/a,n/a,http://www.nasdaq.com/symbol/nom
NMZ,Nuveen Municipal High Income Opportunity Fund,12.98,649475833.8,n/a,2003,n/a,n/a,http://www.nasdaq.com/symbol/nmz
NXJ,Nuveen New Jersey Dividend Advantage Municipal Fund,13.35,87514429.8,n/a,2001,n/a,n/a,http://www.nasdaq.com/symbol/nxj
NUJ,Nuveen New Jersey Dividend Advantage Municipal Fund 2,13.1334,59321124.99,n/a,2002,n/a,n/a,http://www.nasdaq.com/symbol/nuj
NJV,Nuveen New Jersey Municipal Value Fund,14.58,22818224.88,n/a,n/a,n/a,n/a,http://www.nasdaq.com/symbol/njv
NXK,Nuveen New York Dividend Advantage Municipal Fund 2,13.27,86032276.32,n/a,2001,n/a,n/a,http://www.nasdaq.com/symbol/nxk
NYV,Nuveen New York Municipal Value Fund 2,14.6499,34421580.84,n/a,2009,n/a,n/a,http://www.nasdaq.com/symbol/nyv
NPN,Nuveen Pennsylvania Municipal Value Fund,15.11,18424408.72,n/a,2009,n/a,n/a,http://www.nasdaq.com/symbol/npn
JRS,Nuveen Real Estate Fund,11.24,324751374,n/a,2001,n/a,n/a,http://www.nasdaq.com/symbol/jrs
OGEN,Oragenics Inc.,1.998,72185630.11,n/a,n/a,Health Care,Major Pharmaceuticals,http://www.nasdaq.com/symbol/ogen
ORC,Orchid Island Capital Inc.,13.28,120737311.2,n/a,2013,Consumer Services,Real Estate Investment Trusts,http://www.nasdaq.com/symbol/orc
TIS,Orchids Paper Products Company,32.41,261631637.2,n/a,2005,Basic Industries,Paper,http://www.nasdaq.com/symbol/tis
ONVO,Organovo Holdings Inc.,8.72,682568900,n/a,n/a,Health Care,Biotechnology: Biological Products (No Diagnostic Substances),http://www.nasdaq.com/symbol/onvo
ONP,Orient Paper Inc.,2.15,40320885,n/a,n/a,Consumer Durables,Containers/Packaging,http://www.nasdaq.com/symbol/onp
OESX,Orion Energy Systems Inc.,4.25,92385331.25,n/a,2007,Consumer Durables,Building Products,http://www.nasdaq.com/symbol/oesx
ORM,Owens Realty Mortgage Inc.,19.05,205130419.1,n/a,2013,Consumer Services,Real Estate Investment Trusts,http://www.nasdaq.com/symbol/orm
PHF,Pacholder High Yield Fund Inc.,8.66,112539272,n/a,n/a,n/a,n/a,http://www.nasdaq.com/symbol/phf
PBM,Pacific Booker Minerals Inc,4.74,58577104.86,n/a,n/a,Basic Industries,Precious Metals,http://www.nasdaq.com/symbol/pbm
PCG^A,Pacific Gas & Electric Co.,27.72,0,n/a,n/a,n/a,n/a,http://www.nasdaq.com/symbol/pcg^a
PCG^B,Pacific Gas & Electric Co.,25.8799,0,n/a,n/a,n/a,n/a,http://www.nasdaq.com/symbol/pcg^b
PCG^C,Pacific Gas & Electric Co.,24.869,0,n/a,n/a,n/a,n/a,http://www.nasdaq.com/symbol/pcg^c
PCG^D,Pacific Gas & Electric Co.,23.5,0,n/a,n/a,n/a,n/a,http://www.nasdaq.com/symbol/pcg^d
PCG^E,Pacific Gas & Electric Co.,23.999,0,n/a,n/a,n/a,n/a,http://www.nasdaq.com/symbol/pcg^e
PCG^G,Pacific Gas & Electric Co.,22.6,0,n/a,n/a,n/a,n/a,http://www.nasdaq.com/symbol/pcg^g
PCG^H,Pacific Gas & Electric Co.,21.7,0,n/a,n/a,n/a,n/a,http://www.nasdaq.com/symbol/pcg^h
PCG^I,Pacific Gas & Electric Co.,21.5,0,n/a,n/a,n/a,n/a,http://www.nasdaq.com/symbol/pcg^i
PTN,Palatin Technologies Inc.,1.1,43183497.5,n/a,n/a,Health Care,Major Pharmaceuticals,http://www.nasdaq.com/symbol/ptn
PZG,Paramount Gold and Silver Corp.,1.01,159320295.7,n/a,n/a,Basic Industries,Precious Metals,http://www.nasdaq.com/symbol/pzg
PRK,Park National Corporation,78.69,1211230789,n/a,n/a,Finance,Major Banks,http://www.nasdaq.com/symbol/prk
PED,Pedevco Corp.,1.96,52016465.48,n/a,n/a,Energy,Oil & Gas Production,http://www.nasdaq.com/symbol/ped
PIP,PharmAthene Inc,1.45,79085921.75,n/a,n/a,Health Care,Major Pharmaceuticals,http://www.nasdaq.com/symbol/pip
HNW,Pioneer Diversified High Income Trust,21.25,176424788.8,n/a,2007,n/a,n/a,http://www.nasdaq.com/symbol/hnw
PLG,Platinum Group Metals Ltd.,1.2,661545410.4,n/a,n/a,Basic Industries,Precious Metals,http://www.nasdaq.com/symbol/plg
PLM,Polymet Mining Corp.,1.06,292120162.5,n/a,n/a,Basic Industries,Precious Metals,http://www.nasdaq.com/symbol/plm
PW,Power REIT,9.11,15216323.68,n/a,n/a,Consumer Services,Real Estate Investment Trusts,http://www.nasdaq.com/symbol/pw
PW^A,Power REIT,25.25,0,n/a,n/a,n/a,n/a,http://www.nasdaq.com/symbol/pw^a
APTS,Preferred Apartment Communities Inc.,8.97,146926752.2,n/a,2011,Consumer Services,Real Estate Investment Trusts,http://www.nasdaq.com/symbol/apts
PLX,Protalix BioTherapeutics Inc.,3.47,324814416.2,n/a,n/a,Health Care,Biotechnology: Biological Products (No Diagnostic Substances),http://www.nasdaq.com/symbol/plx
PVCT,Provectus Biopharmaceuticals Inc.,1.11,192169828.9,n/a,n/a,Health Care,Major Pharmaceuticals,http://www.nasdaq.com/symbol/pvct
PDO,Pyramid Oil Co,5.52,25878229.2,n/a,n/a,Energy,Oil & Gas Production,http://www.nasdaq.com/symbol/pdo
QRM,Quest Rare Minerals Ltd,0.289,19523022.48,n/a,n/a,Basic Industries,Precious Metals,http://www.nasdaq.com/symbol/qrm
RLGT,Radiant Logistics Inc.,3.06,104457175.9,n/a,n/a,Transportation,Oil Refining/Marketing,http://www.nasdaq.com/symbol/rlgt
RLGT^A,Radiant Logistics Inc.,26.55,0,n/a,n/a,n/a,n/a,http://www.nasdaq.com/symbol/rlgt^a
REE,Rare Element Resources Ltd.,1.32,62973525.12,n/a,n/a,Basic Industries,Precious Metals,http://www.nasdaq.com/symbol/ree
UTG,Reaves Utility Income Fund,28.49,826617236.1,n/a,2004,n/a,n/a,http://www.nasdaq.com/symbol/utg
REED,Reeds Inc.,5.64,73562249.28,n/a,n/a,Consumer Non-Durables,Beverages (Production/Distribution),http://www.nasdaq.com/symbol/reed
RWC,RELM Wireless Corporation,3.94,53725926.68,n/a,n/a,Technology,Radio And Television Broadcasting And Communications Equipment,http://www.nasdaq.com/symbol/rwc
RCG,Renaissance Capital Growth & Income Fund III Inc.,1.49,6651310.83,n/a,n/a,n/a,n/a,http://www.nasdaq.com/symbol/rcg
RVP,Retractable Technologies Inc.,2.64,72141886.08,n/a,n/a,Health Care,Medical/Dental Instruments,http://www.nasdaq.com/symbol/rvp
RVM,Revett Mining Company Inc.,1.033,40385638.07,n/a,n/a,Basic Industries,Precious Metals,http://www.nasdaq.com/symbol/rvm
RNN,Rexahn Pharmaceuticals Inc.,0.851,151591453.6,n/a,n/a,Health Care,Major Pharmaceuticals,http://www.nasdaq.com/symbol/rnn
RIC,Richmont Mines Inc.,1.4,66704544.2,n/a,n/a,Basic Industries,Precious Metals,http://www.nasdaq.com/symbol/ric
REI,Ring Energy Inc.,17.9,423250977.4,n/a,n/a,Energy,Oil & Gas Production,http://www.nasdaq.com/symbol/rei
RIF,RMR Real Estate Income Fund.,19.57,149739992,n/a,n/a,n/a,n/a,http://www.nasdaq.com/symbol/rif
RPI,Roberts Realty Investors Inc.,0.7901,7947102.335,n/a,n/a,Consumer Services,Real Estate Investment Trusts,http://www.nasdaq.com/symbol/rpi
RBY,Rubicon Minerals Corp,1.44,523410111.4,n/a,n/a,Basic Industries,Precious Metals,http://www.nasdaq.com/symbol/rby
SGA,Saga Communications Inc.,41.13,236456328.9,n/a,n/a,Consumer Services,Broadcasting,http://www.nasdaq.com/symbol/sga
SSN,Samson Oil & Gas Limited,0.4289,54633864.88,n/a,n/a,Energy,Oil & Gas Production,http://www.nasdaq.com/symbol/ssn
SAND          ,Sandstorm Gold Ltd,7.1,829970709.3,n/a,n/a,Basic Industries,Precious Metals,http://www.nasdaq.com/symbol/sand          
SARA,Saratoga Resources Inc,1.76,54466017.76,n/a,n/a,Energy,Oil & Gas Production,http://www.nasdaq.com/symbol/sara
SEB,Seaboard Corporation,2998.1,3559608153,n/a,1996,Finance,Investment Bankers/Brokers/Service,http://www.nasdaq.com/symbol/seb
SVT,Servotronics Inc.,7.0448,17347686.15,n/a,n/a,Capital Goods,Industrial Machinery/Components,http://www.nasdaq.com/symbol/svt
SIF,SIFCO Industries Inc.,32.16,174086228.6,n/a,n/a,Capital Goods,Aerospace,http://www.nasdaq.com/symbol/sif
SVBL,Silver Bull Resources Inc.,0.3,47721797.1,n/a,n/a,Basic Industries,Precious Metals,http://www.nasdaq.com/symbol/svbl
SVLC,SilverCrest Mines Inc.,2.09,248141948.5,n/a,n/a,Basic Industries,Precious Metals,http://www.nasdaq.com/symbol/svlc
WWZ^K,SiM Internal Test 10,n/a,0,n/a,n/a,n/a,n/a,http://www.nasdaq.com/symbol/wwz^k
MMZ^K,SiM Internal Test 6,n/a,0,n/a,n/a,n/a,n/a,http://www.nasdaq.com/symbol/mmz^k
OOZ^K,SiM Internal Test 7,n/a,0,n/a,n/a,n/a,n/a,http://www.nasdaq.com/symbol/ooz^k
QQZ^K,SiM Internal Test 8,n/a,0,n/a,n/a,n/a,n/a,http://www.nasdaq.com/symbol/qqz^k
SS^K,SiM Internal Test 9,n/a,0,n/a,n/a,n/a,n/a,http://www.nasdaq.com/symbol/ss^k
SKY,Skyline Corporation,4.33,36334086.52,n/a,n/a,Basic Industries,Homebuilding,http://www.nasdaq.com/symbol/sky
SLI,SL Industries Inc.,30.84,127369200,n/a,n/a,Capital Goods,Industrial Machinery/Components,http://www.nasdaq.com/symbol/sli
ZXX,SM Listed Test 3,n/a,0,n/a,n/a,n/a,n/a,http://www.nasdaq.com/symbol/zxx
ZXX^F,SM Listed Test 3,n/a,0,n/a,n/a,n/a,n/a,http://www.nasdaq.com/symbol/zxx^f
XPL,Solitario Exploration & Royalty Corp,1.3562,53180248.82,n/a,n/a,Basic Industries,Precious Metals,http://www.nasdaq.com/symbol/xpl
SOQ,Sonde Resources Corp,0.34,19058007.42,n/a,n/a,Energy,Oil & Gas Production,http://www.nasdaq.com/symbol/soq
SCE^B,Southern California Edison Company,21.16,0,n/a,n/a,n/a,n/a,http://www.nasdaq.com/symbol/sce^b
SCE^C,Southern California Edison Company,20.7,0,n/a,n/a,n/a,n/a,http://www.nasdaq.com/symbol/sce^c
SCE^D,Southern California Edison Company,20.97,0,n/a,n/a,n/a,n/a,http://www.nasdaq.com/symbol/sce^d
SCE^E,Southern California Edison Company,23.08,0,n/a,n/a,n/a,n/a,http://www.nasdaq.com/symbol/sce^e
SGB,Southwest Georgia Financial Corporation,14.25,36306677.25,n/a,n/a,Finance,Major Banks,http://www.nasdaq.com/symbol/sgb
LOV,Spark Networks Inc.,5.68,135371087.8,n/a,n/a,Miscellaneous,Business Services,http://www.nasdaq.com/symbol/lov
STRP,Straight Path Communications Inc.,9.87,116417607.4,n/a,2013,Public Utilities,Telecommunications Equipment,http://www.nasdaq.com/symbol/strp
SSY,SunLink Health Systems Inc.,1.16,10954353.28,n/a,n/a,Health Care,Hospital/Nursing Management,http://www.nasdaq.com/symbol/ssy
SDPI,Superior Drilling Products Inc.,6.4,104186534.4,n/a,2014,Energy,Metal Fabrications,http://www.nasdaq.com/symbol/sdpi
STS,Supreme Industries Inc.,6.55,107654470.4,n/a,n/a,Capital Goods,Construction/Ag Equipment/Trucks,http://www.nasdaq.com/symbol/sts
SYRG,Synergy Resources Corporation,12.75,984110624.3,n/a,n/a,Energy,Oil & Gas Production,http://www.nasdaq.com/symbol/syrg
SYN,Synthetic Biologics Inc,1.65,96448321.2,n/a,n/a,Health Care,Major Pharmaceuticals,http://www.nasdaq.com/symbol/syn
TRX,Tanzanian Royalty Exploration Corporation,2.24,226723618.2,n/a,n/a,Basic Industries,Precious Metals,http://www.nasdaq.com/symbol/trx
TGB,Taseko Mines Limited,2.49,485538683,n/a,n/a,Basic Industries,Precious Metals,http://www.nasdaq.com/symbol/tgb
TAS,Tasman Metals Ltd,1.02,66825571.32,n/a,n/a,Basic Industries,Precious Metals,http://www.nasdaq.com/symbol/tas
TRC/WS,Tejon Ranch Co,2.79,0,n/a,n/a,n/a,n/a,http://www.nasdaq.com/symbol/trc/ws
TIK,Tel-Instrument Electronics Corp.,5.0499,16419179.21,n/a,n/a,Capital Goods,Electrical Products,http://www.nasdaq.com/symbol/tik
TGC,Tengasco Inc.,0.44,26770661.72,n/a,n/a,Energy,Oil & Gas Production,http://www.nasdaq.com/symbol/tgc
GLU,The Gabelli Global Utility and Income Trust,20.95,86283287.3,n/a,2004,n/a,n/a,http://www.nasdaq.com/symbol/glu
GLU^A,The Gabelli Global Utility and Income Trust,50.27,0,n/a,n/a,n/a,n/a,http://www.nasdaq.com/symbol/glu^a
TXMD,TherapeuticsMD Inc.,4.18,607937452.8,n/a,n/a,Health Care,Major Pharmaceuticals,http://www.nasdaq.com/symbol/txmd
TPI,Tianyin Pharmaceutical Co. Inc.,0.6501,19134257.43,n/a,n/a,Health Care,Major Pharmaceuticals,http://www.nasdaq.com/symbol/tpi
IDI,Tiger Media Inc.,0.88,31328647.68,n/a,n/a,Consumer Services,Advertising,http://www.nasdaq.com/symbol/idi
TLR,Timberline Resources Corporation,0.12,9019689.84,n/a,n/a,Basic Industries,Precious Metals,http://www.nasdaq.com/symbol/tlr
TGD,Timmons Gold Corp,1.79,292448490.6,n/a,2011,Basic Industries,Precious Metals,http://www.nasdaq.com/symbol/tgd
TOF,Tofutti Brands Inc.,4.9274,25394370.94,n/a,n/a,Consumer Non-Durables,Specialty Foods,http://www.nasdaq.com/symbol/tof
TMP,Tompkins Financial Corporation,48.35,718370858.7,n/a,n/a,Finance,Major Banks,http://www.nasdaq.com/symbol/tmp
TAT,Transatlantic Petroleum Ltd,12.48,467016863,n/a,n/a,Energy,Oil & Gas Production,http://www.nasdaq.com/symbol/tat
TRXC,TransEnterix Inc.,4.9,308529749.5,n/a,n/a,Health Care,Medical/Dental Instruments,http://www.nasdaq.com/symbol/trxc
TPLM,Triangle Petroleum Corporation,11.75,1012090856,n/a,n/a,Energy,Oil & Gas Production,http://www.nasdaq.com/symbol/tplm
TRT,Trio-Tech International,3.39,11909256.45,n/a,n/a,Technology,Industrial Machinery/Components,http://www.nasdaq.com/symbol/trt
HTM,U.S. Geothermal Inc.,0.593,61051827.55,n/a,n/a,Public Utilities,Electric Utilities: Central,http://www.nasdaq.com/symbol/htm
UAMY,United States Antimony Corporation,1.6,101384241.6,n/a,n/a,Capital Goods,Metal Fabrications,http://www.nasdaq.com/symbol/uamy
UUU,Universal Security Instruments Inc.,4.36,9975187.32,n/a,n/a,Consumer Non-Durables,Electronic Components,http://www.nasdaq.com/symbol/uuu
UQM,UQM TECHNOLOGIES INC,2.15,86934471.7,n/a,n/a,Capital Goods,Industrial Machinery/Components,http://www.nasdaq.com/symbol/uqm
URG,Ur Energy Inc,1.27,163501207.2,n/a,n/a,Basic Industries,Precious Metals,http://www.nasdaq.com/symbol/urg
URZ,Uranerz Energy Corporation,1.49,128451120.9,n/a,n/a,Basic Industries,Precious Metals,http://www.nasdaq.com/symbol/urz
UEC,Uranium Energy Corp.,1.62,146640938.8,n/a,n/a,Basic Industries,Precious Metals,http://www.nasdaq.com/symbol/uec
VTG,Vantage Drilling Company,1.97,602902535.1,n/a,n/a,Energy,Oil & Gas Production,http://www.nasdaq.com/symbol/vtg
VSB,VantageSouth Bancshares Inc.,6.04,333796504.9,n/a,n/a,Finance,Major Banks,http://www.nasdaq.com/symbol/vsb
VSR,Versar Inc.,3.35,32536318.9,n/a,1986,Consumer Services,Military/Government/Technical,http://www.nasdaq.com/symbol/vsr
VII,Vicon Industries Inc.,2.54,11439867.9,n/a,n/a,Consumer Durables,Telecommunications Equipment,http://www.nasdaq.com/symbol/vii
VHC,VirnetX Holding Corp,17.03,877364602,n/a,n/a,Miscellaneous,Multi-Sector Companies,http://www.nasdaq.com/symbol/vhc
VGZ,Vista Gold Corporation,0.498,40973058.07,n/a,n/a,Basic Industries,Precious Metals,http://www.nasdaq.com/symbol/vgz
EAD,Wells Fargo Advantage Income Opportunities Fund,9.52,675758169.5,n/a,2003,n/a,n/a,http://www.nasdaq.com/symbol/ead
ERC,Wells Fargo Advantage Multi-Sector Income Fund,14.89,626198950,n/a,2003,n/a,n/a,http://www.nasdaq.com/symbol/erc
ERH,Wells Fargo Advantage Utilities and High Income Fund,12.84,118528389.7,n/a,2004,n/a,n/a,http://www.nasdaq.com/symbol/erh
WGA,Wells-Gardner Electronics Corporation,1.4,16479400,n/a,n/a,Technology,Radio And Television Broadcasting And Communications Equipment,http://www.nasdaq.com/symbol/wga
SBI,Western Asset Intermediate Muni Fund Inc,9.529,134138913.5,n/a,1992,n/a,n/a,http://www.nasdaq.com/symbol/sbi
WRN,Western Copper and Gold Corporation,0.86,80950885.82,n/a,2011,Basic Industries,Precious Metals,http://www.nasdaq.com/symbol/wrn
WYY,WidePoint Corporation,1.81,132107970.5,n/a,n/a,Technology,EDP Services,http://www.nasdaq.com/symbol/wyy
WTT,Wireless Telecom Group  Inc.,2.79,53599962.24,n/a,n/a,Capital Goods,Electrical Products,http://www.nasdaq.com/symbol/wtt
ZBB,ZBB Energy Corporation,1.68,42432936,n/a,2007,Public Utilities,Electric Utilities: Central,http://www.nasdaq.com/symbol/zbb
